<Entity name="" tags="">
	<InheritTransformComponent
        _tags="enabled_in_hand"
        use_root_parent="0">
      <Transform 
        position.x="0" 
        position.y="0" >
      </Transform>
    </InheritTransformComponent>

	<ParticleEmitterComponent 
		emitted_material_name="spark"
		offset.x="0"
		offset.y="0"
    render_on_grid="1"
    area_circle_radius.min="5"
    area_circle_radius.max="20"
		gravity.y="0.0"
		count_min="4"
		count_max="4"
		lifetime_min="0.1"
		lifetime_max="0.4"
		create_real_particles="0"
		emit_cosmetic_particles="1"
		fade_based_on_lifetime="1"
		draw_as_long="0"
		emission_interval_min_frames="2"
		emission_interval_max_frames="2"
		is_emitting="1" 
    color="8003fcf0">
	</ParticleEmitterComponent>

    <ParticleEmitterComponent 
        emitted_material_name="spark"
        gravity.y="0.0"
        lifetime_min="0.1"
        lifetime_max="0.1"
        count_min="20"
        count_max="20"
        render_on_grid="1"
        fade_based_on_lifetime="1"
        area_circle_radius.min="20"
        area_circle_radius.max="20"
        cosmetic_force_create="0"
        airflow_force="0.3"
        airflow_time="0.01"
        airflow_scale="0.05"
        emission_interval_min_frames="0"
        emission_interval_max_frames="0"
        emit_cosmetic_particles="1"
        is_emitting="1" 
        color="8003fcf0">
    </ParticleEmitterComponent>

    	<LuaComponent 
        execute_every_n_frame="10"
        script_source_file="mods/twitch_extended/files/entities/animals/glitch/twitchy_player.lua" 
	    >
    </LuaComponent>
</Entity>
